{"count":1,"self":411.0717952,"total":1612.0464246,"children":{"InitializeActuators":{"count":36,"self":0.0015222999999999999,"total":0.0015222999999999999,"children":null},"InitializeSensors":{"count":36,"self":0.0020090999999999998,"total":0.0020090999999999998,"children":null},"AgentSendState":{"count":299584,"self":112.67011839999999,"total":139.45784749999999,"children":{"CollectObservations":{"count":2157012,"self":2.9785436,"total":2.9785435,"children":null},"WriteActionMask":{"count":2157012,"self":0.8995186,"total":0.8995186,"children":null},"RequestDecision":{"count":2157012,"self":3.9183716,"total":22.9096643,"children":{"AgentInfo.ToProto":{"count":2157012,"self":3.1728167999999997,"total":18.9912928,"children":{"GenerateSensorData":{"count":2157012,"self":12.0786064,"total":15.8184761,"children":{"RayPerceptionSensor.Perceive":{"count":2157012,"self":3.7398696,"total":3.7398694,"children":null}}}}}}}}},"DecideAction":{"count":299584,"self":1039.3182208,"total":1039.3182299,"children":null},"AgentAct":{"count":299584,"self":19.9857728,"total":19.9857723,"children":null},"AgentInfo.ToProto":{"count":151552,"self":0.5714844,"total":2.2092518,"children":{"GenerateSensorData":{"count":151552,"self":1.3091869,"total":1.6377674,"children":{"RayPerceptionSensor.Perceive":{"count":151552,"self":0.3285805,"total":0.3285805,"children":null}}}}}},"gauges":{"AgentEscape.CumulativeReward":{"count":151552,"max":11.75,"min":-47.66952,"runningAverage":7.934838,"value":11.460001,"weightedAverage":11.4448843}},"metadata":{"timer_format_version":"0.1.0","start_time_seconds":"1716145183","unity_version":"2022.3.22f1","command_line_arguments":"C:\\Program Files\\Unity\\Hub\\Editor\\2022.3.22f1\\Editor\\Unity.exe -projectpath C:\\Users\\Antoine\\Desktop\\jeuxtp3\\tp3jeux\\6C5-AF-E24-ProjectTemplate -useHub -hubIPC -cloudEnvironment production","communication_protocol_version":"1.5.0","com.unity.ml-agents_version":"3.0.0-exp.1","scene_name":"Jeu2","end_time_seconds":"1716146795"}}