{"count":1,"self":15.898065599999999,"total":43.5651365,"children":{"InitializeActuators":{"count":16,"self":0.0020069,"total":0.0020069,"children":null},"InitializeSensors":{"count":16,"self":0.0015032,"total":0.0015032,"children":null},"AgentSendState":{"count":14434,"self":2.4659063999999997,"total":3.0452559999999997,"children":{"CollectObservations":{"count":46192,"self":0.0649883,"total":0.0649883,"children":null},"WriteActionMask":{"count":46192,"self":0.022227399999999998,"total":0.022227399999999998,"children":null},"RequestDecision":{"count":46192,"self":0.0958475,"total":0.49213389999999996,"children":{"AgentInfo.ToProto":{"count":46192,"self":0.068996,"total":0.3962864,"children":{"GenerateSensorData":{"count":46192,"self":0.24318679999999998,"total":0.3272904,"children":{"RayPerceptionSensor.Perceive":{"count":46192,"self":0.0841036,"total":0.0841036,"children":null}}}}}}}}},"DecideAction":{"count":14434,"self":24.14456,"total":24.1445592,"children":null},"AgentAct":{"count":14434,"self":0.45361599999999996,"total":0.45361599999999996,"children":null},"AgentInfo.ToProto":{"count":1509,"self":0.006017,"total":0.0196261,"children":{"GenerateSensorData":{"count":1509,"self":0.0096016,"total":0.013609099999999999,"children":{"RayPerceptionSensor.Perceive":{"count":1509,"self":0.0040075,"total":0.0040075,"children":null}}}}}},"gauges":{"AgentEscape.CumulativeReward":{"count":1509,"max":5.210001,"min":-17.200079,"runningAverage":-3.606003,"value":0.290000677,"weightedAverage":-2.02243233}},"metadata":{"timer_format_version":"0.1.0","start_time_seconds":"1716139464","unity_version":"2022.3.22f1","command_line_arguments":"C:\\Program Files\\Unity\\Hub\\Editor\\2022.3.22f1\\Editor\\Unity.exe -projectpath C:\\Users\\Antoine\\Desktop\\jeuxtp3\\tp3jeux\\6C5-AF-E24-ProjectTemplate -useHub -hubIPC -cloudEnvironment production","communication_protocol_version":"1.5.0","com.unity.ml-agents_version":"3.0.0-exp.1","scene_name":"Jeu","end_time_seconds":"1716139507"}}