{
    "name": "root",
    "gauges": {
        "AgentEscape.Policy.Entropy.mean": {
            "value": 1.394593358039856,
            "min": 1.394593358039856,
            "max": 1.410443663597107,
            "count": 3
        },
        "AgentEscape.Policy.Entropy.sum": {
            "value": 69885.859375,
            "min": 68966.265625,
            "max": 72254.2109375,
            "count": 3
        },
        "AgentEscape.Environment.EpisodeLength.mean": {
            "value": 28.094240837696336,
            "min": 28.094240837696336,
            "max": 87.21296296296296,
            "count": 3
        },
        "AgentEscape.Environment.EpisodeLength.sum": {
            "value": 48294.0,
            "min": 47095.0,
            "max": 51075.0,
            "count": 3
        },
        "AgentEscape.Step.mean": {
            "value": 149998.0,
            "min": 49939.0,
            "max": 149998.0,
            "count": 3
        },
        "AgentEscape.Step.sum": {
            "value": 149998.0,
            "min": 49939.0,
            "max": 149998.0,
            "count": 3
        },
        "AgentEscape.Policy.ExtrinsicValueEstimate.mean": {
            "value": -4.03465461730957,
            "min": -4.03465461730957,
            "max": -1.5412909984588623,
            "count": 3
        },
        "AgentEscape.Policy.ExtrinsicValueEstimate.sum": {
            "value": -7330.9677734375,
            "min": -7330.9677734375,
            "max": -1599.860107421875,
            "count": 3
        },
        "AgentEscape.Environment.CumulativeReward.mean": {
            "value": -5.034729507234362,
            "min": -9.370482226875094,
            "max": -5.034729507234362,
            "count": 3
        },
        "AgentEscape.Environment.CumulativeReward.sum": {
            "value": -8654.700022935867,
            "min": -8654.700022935867,
            "max": -5060.06040251255,
            "count": 3
        },
        "AgentEscape.Policy.ExtrinsicReward.mean": {
            "value": -5.034729507234362,
            "min": -9.370482226875094,
            "max": -5.034729507234362,
            "count": 3
        },
        "AgentEscape.Policy.ExtrinsicReward.sum": {
            "value": -8654.700022935867,
            "min": -8654.700022935867,
            "max": -5060.06040251255,
            "count": 3
        },
        "AgentEscape.Losses.PolicyLoss.mean": {
            "value": 0.023725745596457272,
            "min": 0.023725745596457272,
            "max": 0.024612341276952065,
            "count": 3
        },
        "AgentEscape.Losses.PolicyLoss.sum": {
            "value": 0.11862872798228635,
            "min": 0.09844936510780826,
            "max": 0.12085528366733342,
            "count": 3
        },
        "AgentEscape.Losses.ValueLoss.mean": {
            "value": 3.364774881998698,
            "min": 1.8459352880716322,
            "max": 3.364774881998698,
            "count": 3
        },
        "AgentEscape.Losses.ValueLoss.sum": {
            "value": 16.82387440999349,
            "min": 7.383741152286529,
            "max": 16.82387440999349,
            "count": 3
        },
        "AgentEscape.Policy.LearningRate.mean": {
            "value": 0.0002260278246574,
            "min": 0.0002260278246574,
            "max": 0.00028455435514854996,
            "count": 3
        },
        "AgentEscape.Policy.LearningRate.sum": {
            "value": 0.001130139123287,
            "min": 0.001130139123287,
            "max": 0.0012840606719797998,
            "count": 3
        },
        "AgentEscape.Policy.Epsilon.mean": {
            "value": 0.1753426,
            "min": 0.1753426,
            "max": 0.19485144999999998,
            "count": 3
        },
        "AgentEscape.Policy.Epsilon.sum": {
            "value": 0.876713,
            "min": 0.7794057999999999,
            "max": 0.9280202000000001,
            "count": 3
        },
        "AgentEscape.Policy.Beta.mean": {
            "value": 0.0037695957400000002,
            "min": 0.0037695957400000002,
            "max": 0.004743087355,
            "count": 3
        },
        "AgentEscape.Policy.Beta.sum": {
            "value": 0.0188479787,
            "min": 0.0188479787,
            "max": 0.02140820798,
            "count": 3
        },
        "AgentEscape.IsTraining.mean": {
            "value": 1.0,
            "min": 1.0,
            "max": 1.0,
            "count": 3
        },
        "AgentEscape.IsTraining.sum": {
            "value": 1.0,
            "min": 1.0,
            "max": 1.0,
            "count": 3
        }
    },
    "metadata": {
        "timer_format_version": "0.1.0",
        "start_time_seconds": "1716144866",
        "python_version": "3.10.12 | packaged by Anaconda, Inc. | (main, Jul  5 2023, 19:01:18) [MSC v.1916 64 bit (AMD64)]",
        "command_line_arguments": "C:\\Users\\Antoine\\miniconda3\\envs\\mlagents\\Scripts\\mlagents-learn --force",
        "mlagents_version": "1.1.0.dev0",
        "mlagents_envs_version": "1.1.0.dev0",
        "communication_protocol_version": "1.5.0",
        "pytorch_version": "2.2.2+cpu",
        "numpy_version": "1.23.5",
        "end_time_seconds": "1716144998"
    },
    "total": 132.09770599999865,
    "count": 1,
    "self": 0.008537799998521223,
    "children": {
        "run_training.setup": {
            "total": 0.024202700000387267,
            "count": 1,
            "self": 0.024202700000387267
        },
        "TrainerController.start_learning": {
            "total": 132.06496549999974,
            "count": 1,
            "self": 0.14565719986603654,
            "children": {
                "TrainerController._reset_env": {
                    "total": 8.994834200000696,
                    "count": 1,
                    "self": 8.994834200000696
                },
                "TrainerController.advance": {
                    "total": 122.84840510013419,
                    "count": 6901,
                    "self": 0.1330477001138206,
                    "children": {
                        "env_step": {
                            "total": 80.69219090003935,
                            "count": 6901,
                            "self": 76.90569369993318,
                            "children": {
                                "SubprocessEnvManager._take_step": {
                                    "total": 3.6971023000096466,
                                    "count": 6901,
                                    "self": 0.32028519996310933,
                                    "children": {
                                        "TorchPolicy.evaluate": {
                                            "total": 3.3768171000465372,
                                            "count": 4397,
                                            "self": 3.3768171000465372
                                        }
                                    }
                                },
                                "workers": {
                                    "total": 0.08939490009652218,
                                    "count": 6900,
                                    "self": 0.0,
                                    "children": {
                                        "worker_root": {
                                            "total": 114.67956179998328,
                                            "count": 6900,
                                            "is_parallel": true,
                                            "self": 57.8507796998947,
                                            "children": {
                                                "steps_from_proto": {
                                                    "total": 0.0011319000004732516,
                                                    "count": 1,
                                                    "is_parallel": true,