{
    "name": "root",
    "gauges": {
        "AgentEscape.Policy.Entropy.mean": {
            "value": 1.4031577110290527,
            "min": 1.4031577110290527,
            "max": 1.4219383001327515,
            "count": 5
        },
        "AgentEscape.Policy.Entropy.sum": {
            "value": 70180.3359375,
            "min": 70180.3359375,
            "max": 71178.546875,
            "count": 5
        },
        "AgentEscape.Environment.EpisodeLength.mean": {
            "value": 6.65238022348079,
            "min": 6.527853056308341,
            "max": 29.880246913580248,
            "count": 5
        },
        "AgentEscape.Environment.EpisodeLength.sum": {
            "value": 43460.0,
            "min": 43358.0,
            "max": 48406.0,
            "count": 5
        },
        "AgentEscape.Step.mean": {
            "value": 249998.0,
            "min": 49999.0,
            "max": 249998.0,
            "count": 5
        },
        "AgentEscape.Step.sum": {
            "value": 249998.0,
            "min": 49999.0,
            "max": 249998.0,
            "count": 5
        },
        "AgentEscape.Policy.ExtrinsicValueEstimate.mean": {
            "value": -1.8415298461914062,
            "min": -2.077697277069092,
            "max": -1.8415298461914062,
            "count": 5
        },
        "AgentEscape.Policy.ExtrinsicValueEstimate.sum": {
            "value": -12030.71484375,
            "min": -12654.421875,
            "max": -3237.80224609375,
            "count": 5
        },
        "AgentEscape.Environment.CumulativeReward.mean": {
            "value": -2.0025760677677193,
            "min": -3.345002844294624,
            "max": -2.0025760677677193,
            "count": 5
        },
        "AgentEscape.Environment.CumulativeReward.sum": {
            "value": -13082.82945072651,
            "min": -14143.709532737732,
            "max": -5415.559604912996,
            "count": 5
        },
        "AgentEscape.Policy.ExtrinsicReward.mean": {
            "value": -2.0025760677677193,
            "min": -3.345002844294624,
            "max": -2.0025760677677193,
            "count": 5
        },
        "AgentEscape.Policy.ExtrinsicReward.sum": {
            "value": -13082.82945072651,
            "min": -14143.709532737732,
            "max": -5415.559604912996,
            "count": 5
        },
        "AgentEscape.Losses.PolicyLoss.mean": {
            "value": 0.0227233727183193,
            "min": 0.0227233727183193,
            "max": 0.025052158509691558,
            "count": 5
        },
        "AgentEscape.Losses.PolicyLoss.sum": {
            "value": 0.11361686359159649,
            "min": 0.09420272118101518,
            "max": 0.1252607925484578,
            "count": 5
        },
        "AgentEscape.Losses.ValueLoss.mean": {
            "value": 0.7963870394229889,
            "min": 0.43700017193953195,
            "max": 0.7963870394229889,
            "count": 5
        },
        "AgentEscape.Losses.ValueLoss.sum": {
            "value": 3.981935197114945,
            "min": 2.18500085969766,
            "max": 3.981935197114945,
            "count": 5
        },
        "AgentEscape.Policy.LearningRate.mean": {
            "value": 0.00016469548510152,
            "min": 0.00016469548510152,
            "max": 0.00028460880513039996,
            "count": 5
        },
        "AgentEscape.Policy.LearningRate.sum": {
            "value": 0.0008234774255076,
            "min": 0.0008234774255076,
            "max": 0.0012846378717873998,
            "count": 5
        },
        "AgentEscape.Policy.Epsilon.mean": {
            "value": 0.15489848,
            "min": 0.15489848,
            "max": 0.19486960000000003,
            "count": 5
        },
        "AgentEscape.Policy.Epsilon.sum": {
            "value": 0.7744924000000001,
            "min": 0.7744924000000001,
            "max": 0.9282126000000002,
            "count": 5
        },
        "AgentEscape.Policy.Beta.mean": {
            "value": 0.0027494341520000005,
            "min": 0.0027494341520000005,
            "max": 0.00474399304,
            "count": 5
        },
        "AgentEscape.Policy.Beta.sum": {
            "value": 0.013747170760000003,
            "min": 0.013747170760000003,
            "max": 0.021417808740000002,
            "count": 5
        },
        "AgentEscape.IsTraining.mean": {
            "value": 1.0,
            "min": 1.0,
            "max": 1.0,
            "count": 5
        },
        "AgentEscape.IsTraining.sum": {
            "value": 1.0,
            "min": 1.0,
            "max": 1.0,
            "count": 5
        }
    },
    "metadata": {
        "timer_format_version": "0.1.0",
        "start_time_seconds": "1715969392",
        "python_version": "3.10.12 | packaged by Anaconda, Inc. | (main, Jul  5 2023, 19:01:18) [MSC v.1916 64 bit (AMD64)]",
        "command_line_arguments": "C:\\Users\\2166316\\AppData\\Local\\miniconda3\\envs\\mlagents\\Scripts\\mlagents-learn --force",
        "mlagents_version": "1.1.0.dev0",
        "mlagents_envs_version": "1.1.0.dev0",
        "communication_protocol_version": "1.5.0",
        "pytorch_version": "2.2.2+cu121",
        "numpy_version": "1.23.5",
        "end_time_seconds": "1715969789"
    },
    "total": 396.7025938000006,
    "count": 1,
    "self": 0.006186499995237682,
    "children": {
        "run_training.setup": {
            "total": 0.018483700005162973,
            "count": 1,
            "self": 0.018483700005162973
        },
        "TrainerController.start_learning": {
            "total": 396.6779236000002,
            "count": 1,
            "self": 0.5894079992795014,
            "children": {
                "TrainerController._reset_env": {
                    "total": 7.7841033000004245,
                    "count": 1,
                    "self": 7.7841033000004245
                },
                "TrainerController.advance": {
                    "total": 388.20782490071724,
                    "count": 38880,
                    "self": 0.5542360003310023,
                    "children": {
                        "env_step": {
                            "total": 252.05303359979007,
                            "count": 38880,
                            "self": 217.15037829948415,
                            "children": {
                                "SubprocessEnvManager._take_step": {
                                    "total": 34.55655829873285,
                                    "count": 38880,
                                    "self": 0.9450928984588245,
                                    "children": {
                                        "TorchPolicy.evaluate": {
                                            "total": 33.61146540027403,
                                            "count": 18237,
                                            "self": 33.61146540027403
                                        }
                                    }
                                },
                                "workers": {
                                    "total": 0.3460970015730709,
                                    "count": 38879,
                                    "self": 0.0,
                                    "children": {
                                        "worker_root": {
                                            "total": 326.25188660037384,
                                            "count": 38879,
                                            "is_parallel": true,
                                            "self": 201.22476819987787,
                                            "children": {
                                                "steps_from_proto": {
                                                    "total": 0.0004721000004792586,
                                                    "count": 1,
                                                    "is_parallel": true,